{
  "classification_metrics": {
    "accuracy": 0.5314009661835749,
    "precision": 0.5314009661835749,
    "recall": 1.0,
    "f1_score": 0.694006309148265,
    "roc_auc": 0.4865094241382902,
    "true_negatives": 0,
    "false_positives": 291,
    "false_negatives": 0,
    "true_positives": 330,
    "specificity": 0.0,
    "prediction_distribution": {
      "1": 621
    },
    "ground_truth_distribution": {
      "0": 291,
      "1": 330
    },
    "total_samples": 621,
    "correct_predictions": 330,
    "incorrect_predictions": 291
  },
  "trading_results": {
    "total_trades": 621,
    "total_pnl": -50845.30124999998,
    "total_return": -5.020387175503893,
    "win_rate": 49.43639291465378,
    "max_drawdown": 158003.36235000007,
    "max_drawdown_pct": 948.8941036716927,
    "avg_trade_pnl": -81.87649154589357,
    "avg_trade_return": -0.00808435938084361,
    "std_trade_return": 0.9211231290713172,
    "profitable_trades": 307,
    "losing_trades": 314,
    "long_trades": 621,
    "short_trades": 0,
    "best_trade": 31467.6426,
    "worst_trade": -61229.06954999998,
    "sharpe_ratio": -0.13932472493150214
  },
  "evaluation_config": {
    "model_path": "models/checkpoints/bgru_baseline.pt",
    "data_path": "data/processed/test.csv",
    "sequence_length": 60,
    "transaction_cost": 0.0003,
    "evaluated_at": "2025-11-29T10:02:30.777479"
  }
}