{
  "regression_metrics": {
    "mse": 1007263722.2904204,
    "rmse": 31737.418330582914,
    "mae": 31432.196789137983,
    "r2": -51.6306486401941,
    "total_samples": 621
  },
  "trading_results": {
    "total_trades": 621,
    "total_pnl": -509873.80125,
    "total_return": -69.49961282449615,
    "win_rate": 43.80032206119163,
    "max_drawdown": 520005.57810000004,
    "max_drawdown_pct": 5132.422336167027,
    "avg_trade_pnl": -821.0528200483093,
    "avg_trade_return": -0.11191564061915638,
    "std_trade_return": 0.9211231290713172,
    "profitable_trades": 272,
    "losing_trades": 349,
    "long_trades": 0,
    "short_trades": 621,
    "best_trade": 60311.43044999998,
    "worst_trade": -32312.3574,
    "sharpe_ratio": -1.928738581531207
  },
  "evaluation_config": {
    "model_path": "models/checkpoints/bgru_baseline.pt",
    "data_path": "data/processed/test.csv",
    "sequence_length": 60,
    "transaction_cost": 0.0003,
    "evaluated_at": "2025-12-01T18:21:30.843180"
  }
}