{
  "classification_metrics": {
    "accuracy": 0.6988727858293076,
    "precision": 0.0,
    "recall": 0.0,
    "f1_score": 0.0,
    "roc_auc": 0.5,
    "true_negatives": 434,
    "false_positives": 0,
    "false_negatives": 187,
    "true_positives": 0,
    "specificity": 1.0,
    "prediction_distribution": {
      "0": 621
    },
    "ground_truth_distribution": {
      "0": 434,
      "1": 187
    },
    "total_samples": 621,
    "correct_predictions": 434,
    "incorrect_predictions": 187
  },
  "trading_results": {
    "total_trades": 621,
    "total_pnl": -509873.80125,
    "total_return": -69.49961282449615,
    "win_rate": 43.80032206119163,
    "max_drawdown": 520005.57810000004,
    "max_drawdown_pct": 5132.422336167027,
    "avg_trade_pnl": -821.0528200483093,
    "avg_trade_return": -0.11191564061915638,
    "std_trade_return": 0.9211231290713172,
    "profitable_trades": 272,
    "losing_trades": 349,
    "long_trades": 0,
    "short_trades": 621,
    "best_trade": 60311.43044999998,
    "worst_trade": -32312.3574,
    "sharpe_ratio": -1.928738581531207
  },
  "evaluation_config": {
    "model_path": "models/checkpoints/bgru_baseline.pt",
    "data_path": "data/processed/test.csv",
    "sequence_length": 60,
    "transaction_cost": 0.0003,
    "evaluated_at": "2025-11-30T18:15:51.584636"
  }
}