{
  "classification_metrics": {
    "accuracy": 0.6199677938808373,
    "precision": 0.28695652173913044,
    "recall": 0.17647058823529413,
    "f1_score": 0.2185430463576159,
    "roc_auc": 0.5277606643830552,
    "true_negatives": 352,
    "false_positives": 82,
    "false_negatives": 154,
    "true_positives": 33,
    "specificity": 0.8110599078341014,
    "class_0_precision": 0.6956521739130435,
    "class_0_recall": 0.8110599078341014,
    "class_0_f1": 0.7489361702127659,
    "class_1_precision": 0.28695652173913044,
    "class_1_recall": 0.17647058823529413,
    "class_1_f1": 0.2185430463576159,
    "prediction_distribution": {
      "0": 506,
      "1": 115
    },
    "ground_truth_distribution": {
      "0": 434,
      "1": 187
    },
    "total_samples": 621,
    "correct_predictions": 385,
    "incorrect_predictions": 236,
    "optimal_threshold": 0.52,
    "default_threshold": 0.5,
    "threshold_optimization": {
      "f1_optimal": {
        "threshold": 0.30000000000000004,
        "metrics": {
          "threshold": 0.30000000000000004,
          "precision": 0.304857621440536,
          "recall": 0.9732620320855615,
          "f1": 0.4642857142857143,
          "accuracy": 0.32367149758454106,
          "specificity": 0.04377880184331797,
          "balanced_accuracy": 0.5085204169644397,
          "youden_j": 0.01704083392887945
        }
      },
      "recall_optimal": {
        "threshold": 0.28,
        "metrics": {
          "threshold": 0.28,
          "precision": 0.3016393442622951,
          "recall": 0.983957219251337,
          "f1": 0.4617314930991217,
          "accuracy": 0.30917874396135264,
          "specificity": 0.018433179723502304,
          "balanced_accuracy": 0.5011951994874196,
          "youden_j": 0.0023903989748392807
        }
      },
      "target_55_recall": {
        "threshold": 0.4322343707084656,
        "metrics": {
          "threshold": 0.4322343707084656,
          "precision": 0.326984126984127,
          "recall": 0.5508021390374331,
          "f1": 0.4103585610621261,
          "note": "Could not meet both targets, optimized for recall"
        }
      }
    }
  },
  "backtesting_results": {
    "total_trades": 621,
    "winning_trades": 272,
    "losing_trades": 349,
    "long_trades": 115,
    "short_trades": 506,
    "total_return": -63.73794327242416,
    "annualized_return": -91.54015423151756,
    "total_pnl": -1084943.5362500036,
    "win_rate": 43.80032206119163,
    "avg_profit_per_winning_trade": 11008.755843749996,
    "avg_loss_per_losing_trade": -11688.610675501439,
    "profit_factor": 0.7340384738148245,
    "max_drawdown": 1114943.8489000036,
    "max_drawdown_pct": 3716.4407648265205,
    "sharpe_ratio": -4.334009355219454,
    "sortino_ratio": -6.474620615797548,
    "avg_trade_pnl": -1747.0910406602313,
    "avg_trade_return": -0.10263758981066687,
    "std_trade_return": 0.9215999693670023,
    "best_trade": 140726.67104999995,
    "worst_trade": -75395.5006,
    "avg_holding_time": 1,
    "trades_csv_path": "evaluation\\reports\\backtest_trades.csv"
  },
  "evaluation_config": {
    "model_path": "models/checkpoints/ensemble_model.pkl",
    "data_path": "data/processed/test_final.csv",
    "sequence_length": 60,
    "lot_size": 35,
    "transaction_cost": 0.0003,
    "evaluated_at": "2025-11-30T21:55:29.735784"
  }
}