{
  "regression_metrics": {
    "mse": 58248573.63483103,
    "rmse": 7632.075316375686,
    "mae": 7285.160533917075,
    "r2": -2.043561901980002,
    "mape": 14.36978822546447,
    "smape": 15.572563171447056,
    "directional_accuracy": 0.5403225806451613,
    "mean_error": -7285.160533917075,
    "std_error": 2274.8647498012074,
    "max_overpredict": -2059.3472656250087,
    "max_underpredict": -13744.269765625002,
    "median_abs_error": 6936.93445312501,
    "p90_abs_error": 10534.689218750013,
    "p95_abs_error": 11262.423203125014,
    "total_samples": 621,
    "target_mean": 50186.90821256039,
    "target_std": 4374.733259458688,
    "prediction_mean": 42901.74767864331,
    "prediction_std": 3365.694342577891
  },
  "evaluation_config": {
    "model_path": "models/checkpoints/ensemble_model.pkl",
    "data_path": "data/processed/test_final.csv",
    "sequence_length": 60,
    "mode": "regression",
    "evaluated_at": "2025-12-01T19:02:23.887657"
  }
}