,open,high,low,close,volume
open,1.0,0.9988078747393604,0.9982179699049677,0.9969529237469064,-0.08389361986110601
high,0.9988078747393604,1.0,0.997997276281213,0.9985277871055506,-0.08482128120112531
low,0.9982179699049677,0.997997276281213,1.0,0.9987533466591386,-0.08374278553186301
close,0.9969529237469064,0.9985277871055506,0.9987533466591386,1.0,-0.08404743554402055
volume,-0.08389361986110601,-0.08482128120112531,-0.08374278553186301,-0.08404743554402055,1.0
