rank,feature,importance
1,low,-0.0033816425120773096
2,high,-0.005958132045088593
3,open,-0.006280193236714998
4,close,-0.0070853462157810295
5,volume,-0.013204508856682784
