{
  "bgru_weight": 0.7999999999999998,
  "xgb_weight": 0.20000000000000018,
  "stacking_trained": true,
  "saved_at": "2025-12-01T18:54:32.544932"
}